South*Asia:Indian*Subcontinent:Awadhi*Muslim,0.066017,-0.028435,-0.118039,0.073967,-0.061858,0.039881,0.00376,0.006461,0.012067,0.002916,-0.008607,0.003147,0.002825,-0.003165,0.003664,0.00305,-0.000261,-0.002027,0.002263,-0.004752,-0.007986,-0.003833,0.000246,-0.00253,0.000599
South*Asia:Indian*Subcontinent:Bania*(Gupta),0.047806,-0.069056,-0.16895,0.13017,-0.079707,0.06526,0.001645,0.020076,0.05788,0.040639,-0.000162,0.008243,0.005203,0.005643,-0.015472,-0.021877,-0.011213,0.0019,0.012821,0.01038,0.016346,0.000989,0.021075,0.010604,-0.018441
South*Asia:Indian*Subcontinent:Balti,0.0609334,-0.10331307,-0.0804272,0.049440533,-0.0557438,0.0353634,0.0033683333,0.0026460667,-0.0041994,-0.0025025333,-0.024812933,-0.0019983333,0.0020118667,-0.0093125333,0.0045873333,0.0065676,-0.0011823333,0.00055733333,-0.00095533333,-0.0062029333,-0.002063,0.0030171333,0.0031058,-0.0011166667,0.00855
South*Asia:Indian*Subcontinent:Bengali*(Bangladesh),0.042143038,-0.11971823,-0.14526691,0.09929035,-0.0531714,0.0611886,-0.001982825,0.010839925,0.0407002,0.024831963,-0.003848625,0.0010303625,-0.0003642,0.0010167625,-0.0060056,-0.00597315,0.004752475,-0.0012574875,-0.002468425,0.0043348625,0.0010544,0.0037049,0.001318775,0.00442215,0.0011914875
South*Asia:Indian*Subcontinent:Bengali*(Southeast*Bangladesh),0.042114333,-0.11509333,-0.133752,0.098084333,-0.049342667,0.058288333,-0.0026633333,0.004769,0.042063667,0.021443333,-0.0057376667,0.0017486667,4.9666667E-05,0.0013763333,-0.0022166667,-0.0038893333,0.001043,0,-0.00016766667,0.0052943333,-0.00287,0.003009,-0.00028766667,0.005101,0.0020756667
South*Asia:Indian*Subcontinent:Bengali*(Sylhet),0.045218909,-0.10958491,-0.13572918,0.092965273,-0.054611545,0.060012,0.00087590909,0.011076455,0.034285636,0.020344182,-0.0025687273,0.00064027273,-0.00043254545,1.2454545E-05,0.000506,-0.0052917273,-0.0015528182,-1.1545455E-05,-0.000183,0.0014211818,-0.00022672727,0.0020570909,-0.00017927273,0.0053346364,0.00053345455
South*Asia:Indian*Subcontinent:Brahmin*(Andhra*Pradesh),0.05422528,-0.0517514,-0.14324552,0.10321824,-0.07291208,0.05674868,0.0008272,0.006969,0.03290384,0.01700624,-0.00475464,7.792E-05,-0.00224176,0.00221852,-0.00167748,0.00079028,-0.00038592,0.00204216,0.00115136,-0.00057516,-0.00027952,-0.00048976,0.00170572,0.00304136,-0.00031624
South*Asia:Indian*Subcontinent:Brahmin*(Bihar*Bhumihar),0.067156,-0.027419,-0.117285,0.098515,-0.06155,0.048527,-0.00564,0.006923,0.016157,0.008747,-0.013316,0.001649,0.005054,-0.00578,0.001221,0.013789,0.013821,-0.000887,-0.002765,0.001376,-0.002121,-0.003091,-0.001232,0.006025,-0.002515
South*Asia:Indian*Subcontinent:Brahmin*(Gujarat),0.063689273,-0.020495227,-0.1212785,0.092657,-0.074615364,0.054358273,0.0018693182,0.0071325909,0.013043,0.0037689545,-0.0056908636,-4.7818182E-05,-0.00058109091,-0.0041913182,0.0049722727,0.0057795909,-0.0012207727,4.6181818E-05,-0.00019418182,-0.0067758636,-0.00047081818,-0.0041367273,0.0020503636,0.00029018182,4.3545455E-05
South*Asia:Indian*Subcontinent:Brahmin*(Himachal*Pradesh),0.067725,-0.030466,-0.1108735,0.084303,-0.0683205,0.0483875,0.00094,0.0044995,0.006136,-0.0020045,-0.002517,0.000974,0.0019325,-0.0049545,0.0050215,-0.001525,-0.000782,-0.0031675,-0.0043365,-0.008942,0.0009985,-0.000618,0.004252,0.0018675,0.003952
South*Asia:Indian*Subcontinent:Brahmin*(Jammu),0.072847,-0.025388,-0.110119,0.083011,-0.071398,0.056057,0.000705,0.001154,0.000614,-0.000364,-0.012017,-0.003147,0.002081,-0.006606,0.00665,0.013259,0.009779,-0.001014,-0.003142,0.00025,-0.006738,-0.00272,-0.002835,0.004338,-0.000958
South*Asia:Indian*Subcontinent:Brahmin*(Karnataka*Kannadi),0.050082,-0.040621,-0.132369,0.093347,-0.065858,0.048527,-0.00094,0.00923,0.023316,0.009659,-0.006171,0.001948,0.004311,-0.011423,-0.000679,0.008088,0.013299,-0.005321,0.001257,0.003377,0.000374,-0.003091,-0.006655,-0.002771,0.003832
South*Asia:Indian*Subcontinent:Brahmin*(Kerala*Kurichiya),0.023903,-0.131003,-0.182149,0.12371,-0.060934,0.05773,-0.00282,0.01523,0.067288,0.046835,-0.011367,0.008243,0.007284,0.000275,-0.016829,-0.00716,0.016428,-0.000253,-0.000377,0.02151,0.010981,0.001978,-0.003574,-0.002651,-0.002036
South*Asia:Indian*Subcontinent:Brahmin*Khas*(Nepal),0.068343286,-0.037839552,-0.10046174,0.085440558,-0.062339411,0.050745976,0.0021150435,0.0065715857,0.0069982423,0.0011172409,-0.0094680363,-0.0018374984,0.0013702693,-0.004912498,0.0024015759,0.0024327562,0.00052730776,-0.0023078419,-0.00049722812,-0.0034092582,-0.00034189506,-0.0025697906,0.0051924464,0.0024989955,0.0023792278
South*Asia:Indian*Subcontinent:Brahmin*(Madhesi),0.064879,-0.051792,-0.100314,0.09367,-0.071706,0.047133,0.003525,0.001385,0.007976,0.006925,0.005034,-0.008692,0.000149,0.003578,0.007872,0.00305,0.002217,-0.000127,0.005531,0.003001,-0.001123,0.009892,0.007765,0.004097,0.005868
South*Asia:Indian*Subcontinent:Brahmin*Malayalam*(Nambudiri),0.0529275,-0.0406215,-0.14142,0.10546,-0.074629,0.0584275,-0.00094,0.0087685,0.027304,0.0138495,-0.0098245,-0.0028475,0.0005205,-0.003647,-0.0006785,0.006895,0.0033245,-0.000633,0.003205,-0.0037515,-0.0003745,-0.0017315,0.001294,-0.0030725,-0.001976
South*Asia:Indian*Subcontinent:Brahmin*(Potohar),0.068294,-0.017264,-0.108611,0.081396,-0.074783,0.047411,0.001175,0.006231,0.001023,-0.002916,-0.005034,0.001349,0,-0.00812,0.011401,0.004773,-0.001434,0.001014,0.001257,-0.010755,-0.003494,-0.003215,-0.004314,-0.007712,0.003233
South*Asia:Indian*Subcontinent:Brahmin*(Tamil*Nadu),0.05499075,-0.044746688,-0.14153806,0.10162425,-0.07639875,0.0549415,-0.0003819375,0.00649,0.02654975,0.018793062,-0.0035928125,-0.0008804375,-0.0038000625,0.0028815,0.000950125,0.0002735,-0.0009941875,0.0018845,0.00029075,-0.0021650625,0.0030104375,-0.0001778125,0.0038361875,-0.0019355625,-0.0013396875
South*Asia:Indian*Subcontinent:Brahmin*(Tamil*Nadu*Iyer),0.052954905,-0.046037286,-0.14359319,0.10116076,-0.072467714,0.057318571,0.0011861905,0.010175429,0.029208,0.016661524,-0.0031085238,-0.00085642857,-0.00063709524,-0.0010617143,0.001829,0.0033084762,0.0023469048,-0.00024738095,0.00019747619,-0.0031324762,0.0011526667,-0.0020667619,1.752381E-05,0.001256619,-0.0018416667
South*Asia:Indian*Subcontinent:Brahmin*(Telugu),0.059188,-0.035544,-0.131992,0.089471,-0.066474,0.054663,-0.00094,0.008538,0.023929,0.005832,-0.006008,-0.001349,-0.000743,-0.00055,-0.003664,-0.001193,-0.001173,0.005954,0.000126,-0.003252,0.002496,-0.00915,0.001972,-0.001325,-0.000958
South*Asia:Indian*Subcontinent:Brahmin*(Uttar*Pradesh),0.065013118,-0.044922118,-0.11943629,0.098876412,-0.067179882,0.058107765,0.0013685294,0.0093525294,0.020897588,0.0080506471,-0.010345059,0.00016747059,-0.002571,-0.0020157647,0.0061234706,-0.0027063529,-0.0057675294,0.00049170588,-0.0024251176,-0.0073564706,-0.00051388235,-2.1764706E-05,0.0028637059,0.0027571176,-0.0038742941
South*Asia:Indian*Subcontinent:Brahmin*(West*Bengal),0.056640571,-0.052807619,-0.1252759,0.10211448,-0.062414524,0.057717,0.0016785714,0.0088237619,0.025886857,0.014084238,-0.0034951429,0.00044952381,-0.0020740952,-0.0029818571,-0.00029728571,-0.0011239048,0.00099347619,-0.00060342857,-0.001221,-0.0001787619,-0.00024371429,-0.00084790476,0.0014261905,0.0028630952,-0.0012030952
South*Asia:Indian*Subcontinent:Chamar,0.037940833,-0.096475333,-0.16913867,0.12667083,-0.071654333,0.06619,-0.0032508333,0.0122685,0.059311833,0.038239167,-0.0051425,-0.0011238333,0.0014866667,0.0044726667,-0.0095005,-0.012684333,0.0076275,-0.0013301667,-0.0039173333,0.0065031667,0.0021628333,0.0059148333,0.00076,0.0028716667,-0.0064066667
South*Asia:Indian*Subcontinent:Chhattisgarhi,0.042115,-0.094444,-0.16895,0.119834,-0.068013,0.063866,-0.00752,0.011999,0.054812,0.032438,-0.004547,0.003147,-0.008325,0.004817,-0.005157,-0.005701,0.015776,0.00266,0.002514,0.004752,0.002496,0.002102,-0.001356,0.007712,-0.008742
South*Asia:Indian*Subcontinent:Cochin*Jew,0.050082,-0.0362205,-0.1390945,0.070952333,-0.063293667,0.044204,-0.0020758333,0.0078073333,0.030099167,0.0184665,-0.00086616667,0.00087416667,0.0032953333,0.0029818333,-0.0019681667,-0.0023425,-0.0041505,0.00052783333,-0.001215,-0.0041268333,0.0032233333,-0.004802,0.002732,-0.00058233333,-0.0021153333
South*Asia:Indian*Subcontinent:Dakhni*Muslim*(Hyderabad),0.042114667,-0.054161667,-0.14494,0.089148,-0.071910667,0.050386,-7.8333333E-05,0.012614667,0.038723333,0.019195667,-0.004168,-0.003247,0.0012883333,0.002936,-0.0027596667,-0.0077786667,0.000565,-0.00046466667,0.0022206667,0.004669,0.002038,0.0021843333,-0.00086266667,0.0033336667,-0.0040313333
South*Asia:Indian*Subcontinent:Dalit*(Tamil*Nadu),0.025916615,-0.11373938,-0.18940162,0.128555,-0.076085154,0.065646538,-0.0016450769,0.015318846,0.067602923,0.046652385,-0.0049964615,0.0020174615,-0.0024129231,0.011983769,-0.012079231,-0.0098218462,0.0086152308,0.00024369231,-0.0014213846,0.0064741538,0.0052696154,0.0023779231,-0.0013556154,0.0075265385,-0.0028278462
South*Asia:Indian*Subcontinent:Dharkar,0.047426333,-0.075149333,-0.154368,0.109713,-0.067704667,0.068328333,0.00054833333,0.012461,0.047108667,0.028064333,-0.000379,0.001049,-0.00074333333,0.0016516667,-0.004886,-0.013789333,-0.0075623333,0.00038,0.002975,0.002543,0.00104,0.0026376667,0.0058746667,4.0333333E-05,-0.010378333
South*Asia:Indian*Subcontinent:Dusadh,0.041735333,-0.093090333,-0.16781833,0.121449,-0.069448667,0.067026667,-0.0031333333,0.011845667,0.049904,0.034382,-0.005088,-0.000849,-0.0026756667,-4.6E-05,-0.0088673333,-0.0039333333,0.0097353333,0.00025366667,-0.0013406667,0.004377,-0.001664,0.0010303333,0.00094466667,0.001446,-0.0037523333
South*Asia:Indian*Subcontinent:Gujar*(India),0.066230812,-0.011995937,-0.12477963,0.085171062,-0.076975937,0.050531438,0.0026290625,0.00833625,0.00645525,-0.0010593125,-0.0048716875,-0.0012364375,0.00105925,-0.0041716875,0.007702125,0.01091375,-0.0036019375,0.0018845,0.002663125,-0.0099658125,-0.001302375,-0.0072259375,0.00200275,-0.0022743125,0.001736375
South*Asia:Indian*Subcontinent:Gujar*(Pakistan),0.071423938,0.0010155,-0.11513969,0.07679325,-0.077860625,0.050305,0.00423,0.005134375,-0.0034130625,-0.008394375,-0.0060185,0.0002340625,0.002053375,-0.0069069375,0.0091950625,0.014071125,-0.0023795,0.0004830625,0.001453375,-0.013866062,0.0015909375,-0.01058,0.0021028125,-0.0054825625,0.0020356875
South*Asia:Indian*Subcontinent:Gujarati,0.055773355,-0.050795411,-0.15153554,0.10751143,-0.079971701,0.062951112,-0.00085873832,0.011671654,0.031217607,0.016973542,-0.0064621308,0.00071150467,-0.001946486,-0.00010421495,0.0012329065,0.00029120561,-0.0011612804,9.7074766E-05,5.2906542E-05,-0.0055938411,0.0023183178,-0.0039441589,0.0019454766,0.0010348692,-0.0037043458
South*Asia:Indian*Subcontinent:Gujarati*Muslim*(Ismaili),0.072847,0.012186,-0.099183,0.06783,-0.076322,0.039881,0.000705,-0.003461,-0.008385,-0.020046,-0.002598,-0.001349,0.002081,-0.001376,0.005429,-0.002652,-0.021513,-0.002154,-0.001383,-0.012256,-0.00549,-0.002473,0.001109,-0.007109,-0.000599
South*Asia:Indian*Subcontinent:Gujarati*Muslim*(Sunni),0.058808667,-0.0054163333,-0.12093,0.065461333,-0.068628333,0.041833667,-0.0018016667,0.004,0.010157667,0.011967,-0.0064413333,0.00019966667,0.0021306667,-0.0050923333,-0.00049766667,0.011137667,0.002825,-0.0028716667,0.0023463333,-0.00346,-0.0023293333,-0.008862,-0.00041066667,0.002651,-0.0010376667
South*Asia:Indian*Subcontinent:Gujarati*(Patel),0.050082,-0.051792,-0.165179,0.10756,-0.083092,0.066934,-0.010105,0.007154,0.031906,0.021322,-0.01153,-0.010491,-0.005203,-0.001789,0.001629,-0.003978,-0.004955,-0.004181,0.001885,-0.002876,0.006239,-0.006059,0.00493,0.004458,-0.003113
South*Asia:Indian*Subcontinent:Jatt*(Haryana),0.080245,0.011171,-0.0818355,0.085595,-0.0583185,0.0479695,-0.000235,0.0068075,-0.001841,-0.007745,-0.003329,-0.000225,-0.001189,-0.0110785,0.012826,0.003447,-0.010887,0.003674,-0.0005655,-0.0073785,-0.0072995,-0.0041425,0.0035125,-0.0006625,0.0034125
South*Asia:Indian*Subcontinent:Kamboj,0.075433727,0.013571455,-0.098737,0.064805545,-0.066753636,0.042366,0.0027559091,0.0033984545,-0.0079763636,-0.0081010909,-0.0037643636,0.00024518182,-0.00058109091,-0.0074691818,0.0084146364,0.010113,-0.0043264545,-0.00097881818,0.0013826364,-0.0090496364,-0.0020985455,-0.0043840909,0.0019719091,-0.0010296364,0.0023732727
South*Asia:Indian*Subcontinent:Kanjar,0.048564667,-0.067024667,-0.147957,0.115958,-0.075090667,0.064424,0.00086166667,0.0097686667,0.040018667,0.021929,-0.0068743333,0.001149,-0.0019326667,-0.0031193333,0,-0.011181667,-0.00043466667,-0.00114,-0.000545,0.000667,0.0019133333,-0.002473,0.006491,-0.0047796667,-0.013971
South*Asia:Indian*Subcontinent:Kapu,0.035854,-0.105615,-0.165179,0.11402,-0.0646275,0.058288,-0.004935,0.0129225,0.0525625,0.034534,-0.00747,-0.000599,-0.000743,0.002202,-0.008822,-0.0070275,0.0069105,-0.0048775,-0.0009425,0.012131,0.005116,0.000804,-0.000678,0.004398,-0.0028735
South*Asia:Indian*Subcontinent:Kashmiri,0.063741,-0.026404,-0.115399,0.07752,-0.069859,0.053547,0.00094,0.001615,0.00409,0.004374,-0.013803,0.00045,0.000892,-0.001651,0.000407,0.002254,-0.004563,-0.001647,-0.001006,-0.006628,0.00262,0.001978,0.001849,0.000964,0.001676
South*Asia:Indian*Subcontinent:Kashmiri*(Pakistan),0.070895571,-0.017844571,-0.10920343,0.075997286,-0.072717,0.045857571,0.00040285714,0.0040877143,-0.002162,-0.0045558571,-0.0077251429,-6.20E-20,-0.0011255714,-0.0051904286,0.0046338571,0.0079932857,0.001453,-0.00066971429,0.00096985714,-0.0097902857,0.001016,-0.0021904286,-0.0014964286,-0.002582,0.0029082857
South*Asia:Indian*Subcontinent:Kashmiri*(Pandit),0.072847,-0.014217,-0.101823,0.076228,-0.074783,0.046575,0.00987,0.007384,-0.008795,-0.006378,-0.008607,-0.001499,0.001933,0.001376,0.0057,0.010209,0.001956,0.001014,0.003771,-0.009505,-0.007487,-0.008037,-0.000246,0.000482,0.000958
South*Asia:Indian*Subcontinent:Khatri,0.073985,0.0056751176,-0.10492841,0.070946,-0.072791765,0.045934941,0.0037185294,0.0045338235,-0.0088185882,-0.0090582353,-0.0058747059,0.00072288235,0.00013117647,-0.0090911765,0.0097958235,0.012213706,-0.0013422941,0.00084211765,-5.88E-08,-0.012116176,-0.0022828235,-0.0072155882,0.0022257059,-0.0019067059,0.00098605882
South*Asia:Indian*Subcontinent:Kohistani,0.073757433,-0.0064993667,-0.10246367,0.0689605,-0.074218867,0.0437022,0.0035172,0.0031383,-0.0096263333,-0.010940233,-0.0068095,0.00040966667,-0.0013280667,-0.0075234,0.010875667,0.0105761,-0.0018775,0.00047293333,0.00034773333,-0.0090000333,-0.0039721667,-0.0038249333,0.0024896333,-0.0021609,0.0038478667
South*Asia:Indian*Subcontinent:Kol,0.050840667,-0.071087,-0.15298533,0.10895933,-0.07386,0.064237667,7.8333333E-05,0.012999333,0.038246,0.025816667,-0.0035186667,0.0014486667,-0.001685,-0.0021103333,-0.003619,-0.0041986667,0.0068233333,-0.0013936667,-0.003729,-0.0028763333,0.0026206667,0.0024316667,0.0027936667,0.0023296667,-0.0031933333
South*Asia:Indian*Subcontinent:Konkani*(Christian),0.0361956,-0.0895698,-0.1663856,0.1174438,-0.0717054,0.0634758,-0.001504,0.0116302,0.055467,0.0343332,-0.001494,0.0013486,-0.000892,0.0058076,-0.0115092,-0.0128876,-0.0029466,-0.0008108,0.0012822,0.0036268,0.0029198,0.0059602,-0.0016266,-0.0010364,-0.003425
South*Asia:Indian*Subcontinent:Kshatriya,0.055773333,-0.042991,-0.131615,0.103791,-0.070885333,0.057637667,0.001175,0.009923,0.028224333,0.012756333,-0.003843,-0.0017986667,-0.0017343333,-0.003211,-0.0014023333,0.0012373333,0.00086933333,0.00063366667,0.004902,-0.006253,-0.0027453333,-0.000948,-0.00037,0.0053416667,-0.0012773333
South*Asia:Indian*Subcontinent:Kurumba,0.0387,-0.089367,-0.177247,0.113051,-0.075091,0.058288,0.001645,0.01223,0.049699,0.033714,-0.001137,0.004046,-0.001933,0.011973,-0.009636,-0.003978,0.003781,0.002027,-0.004651,0.000625,0.006239,0.001237,-0.004067,-0.003856,-0.00012
South*Asia:Indian*Subcontinent:Mala*(Andhra*Pradesh),0.025285143,-0.12425721,-0.18433107,0.13173886,-0.067463214,0.068467643,-0.0032396429,0.0163015,0.0679165,0.046613357,-0.003526,-0.00095271429,-1.0642857E-05,0.009437,-0.017110357,-0.014158714,0.0039765,-0.0022803571,-0.0034477143,0.0073965714,0.0087345,0.0055467857,0.0018135,0.0071437143,-0.0079718571
South*Asia:Indian*Subcontinent:Malayalam*Christian,0.045529,-0.0563615,-0.1555625,0.0996455,-0.071244,0.0557785,-0.00282,0.01373,0.0344625,0.0205015,-0.0018675,0.002173,0.0012635,0.00289,-0.0010175,0.000464,-0.004042,-0.001964,-0.002137,-0.0060025,0.0042425,-0.003524,-0.000678,-0.000422,-0.0002395
South*Asia:Indian*Subcontinent:Malayalam*Christian*(Knanaya),0.04894375,-0.04239825,-0.1509425,0.08341475,-0.075091,0.050828,0.00094,0.00796125,0.02817325,0.01403225,-0.00109625,-0.00127375,-0.0001485,0.00117,0.0021375,0.0012265,-0.00296625,0.0011085,0.00235675,-0.006597,0.0024645,-0.0037095,-0.00095525,-0.00204825,0.00038925
South*Asia:Indian*Subcontinent:Malayalam*Christian*(Nasrani),0.0482608,-0.0546358,-0.1516026,0.0941868,-0.0757678,0.060073,-0.000611,0.0092304,0.0332966,0.0188798,-0.0079894,-0.0004196,0.0002972,-0.0023394,0.000977,-0.0033148,-0.0009126,0.0005068,0.0027654,-0.0049274,-0.0012976,0.0006926,-0.0038698,-0.002193,0.0007426
South*Asia:Indian*Subcontinent:Malayalam*Christian*(Roman*Catholic),0.05122,-0.06804,-0.160276,0.103037,-0.07386,0.057451,0.007285,0.015461,0.040905,0.020957,-0.007145,-0.001199,-0.000892,0.006193,-0.004207,-0.00716,0.00013,-0.008108,-0.000377,0.003001,0.002371,-0.002226,-0.004437,-0.002651,-0.008263
South*Asia:Indian*Subcontinent:Malayalam*Muslim,0.042115,-0.041637,-0.14934,0.074936,-0.064935,0.047411,-0.004935,0.009923,0.029247,0.018224,0.002273,0.003747,-0.0055,0.002615,-0.0019,0.008618,0.014473,-0.001394,0.001634,0.008754,0.006489,0.000866,-0.005546,0.002651,0.003113
South*Asia:Indian*Subcontinent:Malayalam*Nair,0.04865975,-0.04925325,-0.14952825,0.09762675,-0.07639875,0.0596825,0.00088125,0.01107625,0.03103625,0.01795,-0.010474,0.00179825,0.0007805,-0.0031655,-0.0002715,0.000265,0.00283575,0.00028475,-0.0018225,-0.0020945,0.0033065,0.00024725,-0.001664,-0.00575375,-0.00356275
South*Asia:Indian*Subcontinent:Malayalam*Nair*(Nambiar),0.056912,-0.044683,-0.139912,0.101745,-0.075706,0.059961,-0.00329,0.014307,0.030474,0.023326,-0.006496,0.001798,-0.002973,-0.009358,-0.00285,0.005834,0.013299,-0.002787,-0.000251,-0.001,0.009109,-0.00272,-0.002835,0.000482,-0.007664
South*Asia:Indian*Subcontinent:Malayalam*Thiyya,0.037562,-0.072103,-0.164802,0.102714,-0.072629,0.0502,0.00235,0.017076,0.048063,0.031162,0.006496,0.003147,0.003122,0.009221,-0.00475,-0.016043,-0.013299,-0.000633,0.000377,-0.001501,0.002246,-0.001607,0.001972,0.002651,-0.000599
South*Asia:Indian*Subcontinent:Malayalam*Vaniya*(Chettiar),0.056912,-0.039606,-0.144814,0.09367,-0.071398,0.050479,0.00329,0.011307,0.02802,0.009476,-0.004384,-0.004796,0.001487,0.000688,0.000407,0.013922,0.008605,-0.008488,0.00264,-0.006378,-0.001123,-0.004946,-0.005176,0.003133,0.000479
South*Asia:Indian*Subcontinent:Malayan,0.006829,-0.155376,-0.188183,0.134046,-0.056318,0.054941,-0.00658,0.012461,0.085491,0.05868,0.003248,0.002248,-0.001487,0.014588,-0.017915,-0.014452,0.013299,0.001014,0.003142,0.023261,0.009608,0.012736,-0.006162,0.001084,-0.010418
South*Asia:Indian*Subcontinent:Maratha,0.035773143,-0.093428857,-0.16965043,0.12001857,-0.072189286,0.062471429,-0.0010407143,0.015394857,0.054958286,0.036707571,-0.0031087143,8.5571429E-05,-0.002782,0.0057605714,-0.0084145714,-0.0051708571,0.0093505714,-0.0017372857,-0.0028731429,0.0075034286,0.0041,0.002067,-0.00082742857,0.002496,-0.0050978571
South*Asia:Indian*Subcontinent:Mumbai*Jew,0.0665865,0.0035545,-0.1203015,0.0424745,-0.0570875,0.028726,-0.0012925,0.0053075,0.0202475,0.01467,-0.0055215,-0.0008995,0.0046085,0.0032345,0.0005425,-0.005569,-0.0100395,-0.0002535,0.000691,-0.0033765,-0.0015595,0.0016075,-0.0005545,0.0059645,-0.003113
South*Asia:Indian*Subcontinent:Piramalai,0.036802667,-0.087335667,-0.17913233,0.116604,-0.079297,0.061077,-0.000705,0.013384,0.048881333,0.028064667,-0.002815,-0.0037466667,-0.0021803333,0.0075233333,-0.0085506667,-0.013347333,-0.0048676667,0.0012666667,-0.0011733333,0.0011253333,0.005324,-0.0016076667,-0.0012326667,0.00068266667,-0.0062666667
South*Asia:Indian*Subcontinent:Punjabi*Arain*(India),0.07057,0.001016,-0.110119,0.078166,-0.064012,0.04267,0.00376,0.003923,-0.015748,-0.01549,-0.006496,0.001948,-0.006987,-0.009771,0.008279,0.022408,0.01017,-0.004687,0.01081,-0.010505,0.004118,-0.005564,0.006409,0.005422,-0.002754
South*Asia:Indian*Subcontinent:Punjabi*Arain*(Pakistan),0.06902236,-0.00174672,-0.11355864,0.0742254,-0.07189028,0.04419864,0.0002068,0.00343368,0.0029532,-0.00412588,-0.00567052,0.00203812,0.00093356,-0.00361128,0.00745924,0.00647036,-0.00645144,0.00167736,0.00076428,-0.01105524,-0.00212628,-0.00590076,0.00290376,-0.00626588,0.00299852
South*Asia:Indian*Subcontinent:Punjabi*Arora*Hindu,0.066017,-0.003047,-0.109742,0.081719,-0.07663,0.045459,0.00329,-0.001385,0.000409,-0.000547,-0.009419,-0.006744,-0.000743,-0.006468,0.007193,0.015646,0.004172,0.009122,0.006411,-0.015007,-0.004742,-0.005935,-0.002588,-0.00012,0.001197
South*Asia:Indian*Subcontinent:Punjabi*Christian*(India),0.039269,-0.0919055,-0.17423,0.1222565,-0.070475,0.0626105,-0.000235,0.0098075,0.052767,0.0336225,-0.005765,0.002473,0.001115,0.001101,-0.007668,-0.0092815,-0.00352,-0.001457,-0.00088,-0.0013135,0.0061765,0.003091,0.0028345,-0.002892,-0.004012
South*Asia:Indian*Subcontinent:Punjabi*Gujar*(Pakistan),0.07057,0.005078,-0.121433,0.07429,-0.075706,0.054663,0.006345,0.007154,-0.008181,-0.004738,-0.007145,0.001499,0.002825,-0.012386,0.014386,0.02201,0.006258,0.00266,0.001383,-0.013632,0.003619,-0.008903,0.003204,-0.009399,0.000958
South*Asia:Indian*Subcontinent:Punjabi*Hindu*(India),0.072146346,-0.0099599615,-0.10907485,0.082750115,-0.068995038,0.048494846,0.0016178846,0.0051122692,0.0021867692,-0.0036097308,-0.0064643077,0.00027665385,0.00011446154,-0.0070187692,0.0081484231,0.0074046154,-0.0015746923,-0.00017538462,-0.00055123077,-0.0077056538,-0.0019532308,-0.0033529231,0.0034935,0.00065330769,-0.00066776923
South*Asia:Indian*Subcontinent:Punjabi*Jatt,0.0735298,0.0024372,-0.1006912,0.0828172,-0.0681974,0.0502004,0.001081,0.0059996,0.0001636,-0.0060866,-0.0050014,-0.001109,-0.001784,-0.0039086,0.0084962,0.0090958,-0.006858,0.0007096,0.0039722,-0.0126062,-0.0019466,-0.0088288,0.001134,-0.0008194,0.0010298
South*Asia:Indian*Subcontinent:Punjabi*Jatt*Gakhar*Muslim*(Potohar),0.066017,-0.005078,-0.107102,0.076874,-0.064935,0.04769,-0.002115,0.004384,0.003886,0.000364,-0.01088,-0.002847,0.002527,-0.003853,0.00285,-0.00053,-0.022165,-0.005068,0.003645,-0.008879,-0.003369,-0.002349,0.003821,-0.009519,0.006945
South*Asia:Indian*Subcontinent:Punjabi*Jatt*Muslim*(Pakistan),0.07057025,-0.00050775,-0.10691375,0.0786505,-0.07147475,0.046505,0.0022325,0.00473075,-0.001176,-0.0045105,-0.00263875,0.0014235,0.00018575,-0.0102185,0.010586,0.017502,0.00074975,-0.000697,0.003331,-0.01306875,-0.001279,-0.00686275,0.00083175,-0.00207875,0.00146675
South*Asia:Indian*Subcontinent:Punjabi*Jatt*Sikh,0.08052975,0.0053315,-0.09937125,0.08212275,-0.0693975,0.04769025,0.00616875,0.004442,-0.00337475,-0.010023,-0.0024765,0.0022855,0.00014875,-0.009668,0.0127915,0.00818725,-0.00521525,0.00079175,0.00864175,-0.00775375,-0.00053025,-6.175E-05,0.00610075,-0.004398,0.00017975
South*Asia:Indian*Subcontinent:Punjabi*Jatt*Sikh*(India),0.0762616,0.0103582,-0.0954114,0.0786182,-0.0685052,0.0468536,0.005546,0.0031384,-0.0009408,-0.0070706,-0.0037022,-0.0002696,-0.0020218,-0.00834,0.0151736,0.012596,0.0009128,0.0019004,-0.0006032,-0.0092294,0.0015472,-0.003215,0.0041658,0.0003372,0.0025626
South*Asia:Indian*Subcontinent:Punjabi*Khatri,0.069432,0.012186,-0.104462,0.072352,-0.071706,0.042949,-0.002115,0.001154,-0.007772,-0.011299,-0.006171,0.00045,0.000892,-0.003441,0.018865,-0.002917,-0.026598,-0.00152,0.000251,-0.016633,0.002745,-0.007172,0.002095,-0.006989,0.003712
South*Asia:Indian*Subcontinent:Punjabi*(Lahore),0.058346167,-0.040949073,-0.13454176,0.094773948,-0.071583802,0.054592865,0.00022763542,0.0095236667,0.021926688,0.011310042,-0.0052725417,0.00056517708,-0.00012235417,-0.0020873021,0.002276125,0.0025965208,-0.00036397917,0.00031934375,0.00036919792,-0.0039432917,-0.00028595833,-0.002610875,0.0010630312,-7.7833333E-05,-0.0014694062
South*Asia:Indian*Subcontinent:Punjabi*Muslim*(India),0.064879,-0.0137095,-0.1176615,0.069122,-0.06355,0.0449015,-0.0017625,0.004615,0.008488,0.010661,-0.006252,0.0045705,-0.004014,-0.001996,0.004886,0.00537,0.003716,0.0029775,0.0011315,-0.0036895,-0.0001245,-0.0041425,0.0038825,-0.001265,-0.0002395
South*Asia:Indian*Subcontinent:Punjabi*Muslim*(Pakistan),0.06829375,-0.002284875,-0.11049625,0.073442125,-0.06978225,0.04507575,0.001321875,0.00403825,0.002019875,-0.001161875,-0.0047905,0.000824125,1.8625E-05,-0.01066575,0.00917825,0.00959625,-0.00037475,0.0004275,-0.00208975,-0.00942625,-0.000389875,-0.003910625,0.00124775,-0.004608875,0.00275425
South*Asia:Indian*Subcontinent:Punjabi*(Nai),0.063741,-0.015233,-0.118793,0.082042,-0.079399,0.054663,0.00235,0.007384,0.009408,0.006378,-0.010718,0.000599,-0.003271,-0.007432,0.013029,0.019093,0.01004,-0.001394,-0.004148,-0.008629,0.005241,-0.008903,0.003204,0.001325,0.005389
South*Asia:Indian*Subcontinent:Punjabi*Rajput*Chauhan*Muslim*(Potohar),0.068863,0.00190425,-0.11535187,0.079982875,-0.07536,0.05058375,0.001733125,0.006547875,-0.000920375,-0.005672125,-0.00288225,-0.00162975,-0.001003375,-0.00799925,0.011315875,0.01544675,0.0015645,-0.001472875,-0.001304125,-0.01608575,-0.0019495,-0.0066,-0.00150975,-0.0057085,-0.0016765
South*Asia:Indian*Subcontinent:Punjabi*Ramgarhia*Sikh,0.070570333,-0.00677,-0.10949067,0.077843,-0.069551333,0.050572333,0.0015666667,0.005692,0.005454,-0.0032193333,-0.0081193333,0.0027976667,0.000793,-0.0049086667,0.0084146667,0.011093333,0.0032596667,0.00076,0.0011733333,-0.0092963333,-0.000832,-0.0038743333,-0.00032833333,-0.00084333333,-0.0015966667
South*Asia:Indian*Subcontinent:Punjabi*Ramgarhia*Tarkhan*Sikh,0.071993,-0.009520625,-0.10927088,0.08470675,-0.071436375,0.049468375,0.002026875,0.0077305,0.00419275,0.000159375,-0.005724125,-0.00153625,-0.00083625,-0.0028385,0.00636175,0.004740125,-0.004889375,-0.000300875,0.0005185,-0.007863,-0.00213675,-0.00531725,0.002357,0.001702,-0.0007635
South*Asia:Indian*Subcontinent:Punjabi*Ramgarhia*Lohar*Muslim*(India),0.072847,-0.014217,-0.116907,0.083657,-0.071398,0.051037,-0.00282,0.006461,0.0045,-0.00328,-0.002273,-0.002847,0.012785,-0.005092,0.009093,0.006232,-0.005215,0,-0.007793,-0.003502,-0.004617,-0.002968,0.006532,-0.005061,0.005748
South*Asia:Indian*Subcontinent:Punjabi*Sikh*(India),0.072749894,0.00075629787,-0.10378043,0.080722511,-0.070121,0.047708064,0.0016350213,0.0043991489,-0.0008442766,-0.0054166809,-0.0057630426,-0.00017219149,-0.00034793617,-0.0070803617,0.010372532,0.0084885957,-0.0039448085,0.0010835319,0.00077291489,-0.010388064,-0.0022964681,-0.005469617,0.00085746809,-0.00071785106,0.000428
South*Asia:Indian*Subcontinent:Rajasthani*(Meghwal),0.059188,-0.044683,-0.137649,0.10756,-0.069551,0.059683,-0.002115,0.013153,0.029042,0.016766,-0.008119,-0.006594,0.000595,0.000963,0.002986,-0.014717,-0.013821,-0.000887,-0.006411,-0.004877,0.000873,-0.003586,0.001232,0.000843,0.001317
South*Asia:Indian*Subcontinent:Rajput*(Himachal*Pradesh),0.054635,-0.136081,-0.104085,0.07106,-0.049855,0.045738,-0.00329,-0.001615,0.025156,0.016401,-0.019487,-0.003147,-0.001487,0.002064,-0.009908,0.008221,0.008475,0.000507,0.001257,-0.006128,0.003494,0.000495,-0.002835,-0.003856,0.015687
South*Asia:Indian*Subcontinent:Rajput*(Rajasthan),0.0671555,-0.050776,-0.1095535,0.0783275,-0.0620115,0.0485265,0.001645,0.003923,0.009408,-0.001002,-0.006414,-0.002248,0.0033445,0.0008255,0.0036645,-0.003381,-0.0056065,-0.0006335,-0.003205,-0.0082535,0.0006865,-0.0029055,0.0020955,0.0034945,0.0026345
South*Asia:Indian*Subcontinent:Rajput*(Uttar*Pradesh*Muslim),0.056912,-0.057885,-0.138403,0.106268,-0.066474,0.05773,0.002585,0,0.02127,0.022051,-0.009419,-0.002548,0.000595,-0.006055,-0.009772,-0.001856,0.016037,0.008235,-0.003394,-0.001751,-0.002121,0.002349,0.000616,0.015665,-0.007185
South*Asia:Indian*Subcontinent:Relli,0.0318705,-0.1147545,-0.1693275,0.1119205,-0.0590875,0.065121,0,0.0114225,0.059823,0.037905,0.000893,0.0003745,-0.0019325,0.0111475,-0.0126895,-0.0200875,-0.0012385,0.0010135,0.002828,0.006378,0.0016845,0.0087795,0.001294,0.00241,-0.0005985
South*Asia:Indian*Subcontinent:Ror,0.0840016,0.018076467,-0.074494,0.084992067,-0.060483,0.0454592,0.0017703333,0.0043536,-0.0032314667,-0.011699533,-0.0056295333,6.0066667E-05,-0.00058473333,-0.010807867,0.011997667,0.010138733,-0.0046068,0.00032933333,0.00034366667,-0.0078620667,-0.0037433333,-0.0026708667,0.0024814,0.00196,0.00057486667
South*Asia:Indian*Subcontinent:Sindhi,0.069621833,0.0049085,-0.1159645,0.068529833,-0.075501167,0.0436,0.0010575,0.0049998333,-0.0018748333,-0.0047076667,-0.0056565,-0.0014486667,-0.0005205,-0.005849,0.010247,0.016396833,-4.35E-05,0.0021115,0.004944,-0.014319333,0.00016616667,-0.0062238333,-8.2333333E-05,-0.0040163333,0.0049295
South*Asia:Indian*Subcontinent:Sri*Lankan,0.037019571,-0.085691381,-0.17117681,0.11026695,-0.073127143,0.062006619,-0.0013092857,0.011439048,0.046456143,0.029574286,-0.0036422381,0.00049247619,-0.0016847619,0.0048036667,-0.0071995714,-0.0082333333,0.00027938095,0.0013211905,0.00088004762,0.0010182857,0.0037790476,0.001001,0.0012617143,0.00044190476,-0.0033016667
South*Asia:Indian*Subcontinent:Tamil*(Sri*Lanka),0.037573101,-0.087345788,-0.17302983,0.11267245,-0.075522939,0.061257323,-0.0026253737,0.013318788,0.047916394,0.030440808,-0.0034298081,0.0003209697,-0.0012447778,0.0049419293,-0.0067737071,-0.0053223535,0.0031225859,5.5010101E-05,2.0282828E-05,0.0025959192,0.004218596,0.00013990909,-0.00085648485,0.00023853535,-0.0046422727
South*Asia:Indian*Subcontinent:Telugu,0.041738835,-0.080009854,-0.17245398,0.11122562,-0.07867932,0.063045505,-0.0010517961,0.012841922,0.042957942,0.027395573,-0.004400233,0.00068675728,-0.00080104854,0.0039576699,-0.0052918155,-0.0032413592,0.0034305146,9.3533981E-05,-0.00018302913,0.0010927864,0.0034817087,-0.0005858932,0.00029196117,0.00053576699,-0.0032680874
South*Asia:Indian*Subcontinent:Telugu*(Kamma),0.0432525,-0.073118,-0.1710245,0.1061065,-0.082015,0.0605195,0.00376,0.0161535,0.032928,0.0249665,-0.0069015,0.0013485,-0.0041625,0.007432,0.003868,-0.0053035,-0.0035855,-0.002787,-0.0015085,-0.000313,-0.0002495,-0.004637,0.00265,-0.002952,-0.003652
South*Asia:Indian*Subcontinent:Telugu*(Reddy),0.043253,-0.066009,-0.171213,0.105299,-0.076937,0.066655,-0.00376,0.007846,0.034974,0.028793,-0.007632,0.000599,-0.000149,0.006606,-0.002036,-0.005967,-0.009518,0,0.00176,-0.006253,0.004866,-0.00136,-0.003574,-0.003012,-0.002994
South*Asia:Indian*Subcontinent:Uttar*Pradeshi,0.045149667,-0.086997,-0.15512233,0.119511,-0.068217667,0.067305667,-0.000705,0.014461,0.050108333,0.035718333,-0.0057376667,0.00064933333,0.0010403333,0.0057343333,-0.0052026667,-0.014805667,-0.0088226667,0.00029566667,0.0010056667,0.0025013333,0.00033266667,0.009068,0.00078066667,0.005663,-0.0049496667
South*Asia:Indian*Subcontinent:Velamas,0.043253,-0.07278,-0.17096133,0.107883,-0.080835333,0.061542,0.0012533333,0.012691667,0.038791333,0.025027,-0.0011366667,0.002248,-0.0019823333,0.0041743333,-0.0052476667,-0.001149,0.0063453333,-0.0013093333,0.0049023333,-4.1333333E-05,0.005823,-0.000536,0.002013,0.0013653333,-0.0017163333
South*Asia:Indian*Subcontinent:Vellalar,0.040976222,-0.076728889,-0.17590578,0.10917467,-0.076629667,0.057637444,-0.0041516667,0.011999556,0.038836778,0.026242,-0.004565,0.0011656667,0.00021466667,0.0037005556,-0.003755,0.00089866667,0.0054471111,0.00014066667,0.0031005556,-0.00072244444,0.0022044444,0.00016477778,0.00036955556,-0.00028111111,-0.0017428889
South*Asia:Indian*Subcontinent:Western*Uttar*Pradeshi*Jatt*Malik*Muslim,0.083091,0.014217,-0.075047,0.082042,-0.057857,0.051316,0.000705,0.003,-0.011658,-0.010023,-0.005846,-0.006145,-0.009217,-0.011423,0.009636,0.014054,0.007693,-0.005828,0.001885,-0.003877,-0.003244,-0.002473,-0.008874,0.008917,-0.000718
South*Asia:Indian*Subcontinent:Western*Uttar*Pradeshi*Jatt*Muslim,0.085367,0.016248,-0.090132,0.079781,-0.065858,0.046854,0.01034,0.010846,-0.002863,-0.008565,-0.007145,-0.001049,-0.008771,-0.013762,0.012893,0.008618,-0.002477,-0.0019,-0.004274,-0.008379,0.004243,-0.004946,0.007025,-0.000361,0.007185
South*Asia:Indian*Subcontinent:Western*Uttar*Pradeshi*Jatt*Sheoran*Hindu,0.088782,0.019295,-0.070899,0.084949,-0.059088,0.040718,0.005875,0.005307,-0.002045,-0.01877,-0.00341,0.003747,0.001041,-0.006881,0.009636,-0.001724,-0.0103,-0.002787,-0.001257,-0.007128,0.001872,0.002349,0.008504,0.007832,-0.000479
South*Asia:Indian*Subcontinent:Yadava,0.0386995,-0.0903825,-0.1719675,0.1148275,-0.071244,0.058149,-0.0027025,0.0141915,0.045711,0.0305245,-0.0052775,0.00045,-0.0055,0.0050235,-0.003597,-0.010342,0.0029335,-0.003421,-0.0039595,0.006253,0.0038055,-0.0029675,0.001602,0.002289,-0.0034725
South*Asia:Indian*Subcontinent:Gond,0.012185824,-0.18560288,-0.17742435,0.12080294,-0.029779235,0.064210529,-0.0035526471,0.013669118,0.077093353,0.049107235,0.011348059,0.0027857059,-0.0030957059,0.013300882,-0.018601706,-0.020816529,0.0098862353,-0.0025262941,-0.0045103529,0.021848706,0.0021506471,0.011841529,-0.0036394118,0.0079386471,0.0021202353
South*Asia:Indian*Subcontinent:Paniya,0.0085636667,-0.16504776,-0.18636943,0.13801429,-0.048682952,0.052617286,-0.0055841429,0.016790429,0.086474619,0.054800905,0.0048638571,0.00028542857,-0.0030087143,0.014096429,-0.022678333,-0.027420714,0.010610762,-0.00059733333,-0.0033040952,0.028037286,0.0073857143,0.013001095,-0.0094138095,0.0062888095,-0.0075498571
South*Asia:Indian*Subcontinent:Pulliyar,0.01479725,-0.1454745,-0.18535475,0.1296855,-0.05554875,0.055081,-0.00464125,0.01828775,0.08170725,0.0570855,8.125E-05,-0.0011615,-0.00137525,0.01465675,-0.027687,-0.0178995,0.01437525,0.00161525,0.00260825,0.02519975,0.0048975,0.0141585,-0.00751825,0.00795275,-0.00865175
South*Asia:Indian*Subcontinent:Kadar,0.00927655,-0.1553252,-0.1854302,0.13283475,-0.05456395,0.0543279,-0.00565175,0.0159338,0.08276055,0.0537232,0.00215975,-0.00038965,-0.00078045,0.01221395,-0.0218918,-0.0179792,0.0139966,-0.00040535,-0.00243235,0.02314235,0.00678185,0.01016435,-0.00510855,0.00550665,-0.0076999
South*Asia:Indian*Subcontinent:Irula,0.021522864,-0.13356514,-0.18190073,0.12462027,-0.058612318,0.057388091,-0.0019761591,0.01484725,0.072192295,0.046445318,-0.00019561364,-0.00044622727,-0.00064872727,0.007832,-0.017717705,-0.015663636,0.0081638409,0.00061615909,0.00023995455,0.018980727,0.0035505682,0.0052075227,-0.0068654318,0.0027686818,-0.0056743409
South*Asia:Indian*Subcontinent:Pallan,0.0279436,-0.1120636,-0.18312975,0.1221111,-0.07269045,0.06241575,-0.00282,0.01591085,0.06318765,0.0404656,-0.0030772,-0.0005021,-0.0003047,0.0064062,-0.01081685,-0.0094735,0.0067474,-0.00013305,-0.000176,0.008379,0.00653845,0.00310365,-0.00157145,0.00090965,-0.00480185
South*Asia:Indian*Subcontinent:North*Kannadi,0.028835,-0.117463,-0.174104,0.130816,-0.066987,0.064609667,-1.45E-19,0.014153,0.065652,0.0424,-0.003789,-0.001049,0.002131,0.0055506667,-0.012938667,-0.014894333,0.0033463333,-0.00025333333,-0.0023883333,0.011630667,0.0045336667,0.008903,-0.000123,0.003695,-0.0058276667
South*Asia:Indian*Subcontinent:Madiga*(Andhra*Pradesh),0.02655875,-0.11670125,-0.18428633,0.122714,-0.073064833,0.066631583,-0.0035839167,0.016191583,0.065345333,0.04467825,-0.0032884167,2.4916667E-05,0.0032085833,0.0091405,-0.01423925,-0.0066515833,0.0085400833,0.0011084167,-0.00057608333,0.013704417,0.00564625,0.0020815,-0.0010680833,0.0018878333,-0.00843225
South*Asia:Indian*Subcontinent:Sakilli,0.026938,-0.10392267,-0.18378333,0.12360233,-0.072526333,0.065632333,-0.0018016667,0.016999,0.059312,0.040274333,-0.00249,-0.0011986667,-0.000446,0.0075693333,-0.01131,-0.012242333,0.0088663333,0.00076,0.0015086667,0.0040853333,0.0035356667,0.0023496667,-0.00078066667,0.00245,-0.010697333
South*Asia:Indian*Subcontinent:Chenchu,0.032629,-0.11441667,-0.165179,0.110144,-0.065858333,0.060054667,-0.0043083333,0.014153,0.052971667,0.037115333,-0.008769,-0.000999,-0.0024776667,0.006239,-0.0096363333,-0.014629,0.0034333333,-0.0039273333,-0.003771,0.0096296667,0.00074866667,0.00136,0.0022183333,0.0027713333,-0.0048696667
South*Asia:Indian*Subcontinent:Bonda,0.0053116667,-0.26403767,-0.16065333,0.095500333,0.016926,0.066004,-0.005405,0.008615,0.073219667,0.042703667,0.031882,0.005945,-0.0038156667,0.017111333,-0.020448667,-0.023512667,0.009692,-0.00029566667,-0.0022626667,0.031390333,-0.000582,0.020856,-0.010435,0.012291,0.012893
South*Asia:Indian*Subcontinent:Juang,0.003415,-0.263022,-0.156882,0.093993,0.017849,0.063587,-0.00799,0.012692,0.077515,0.04811,0.037512,0.003597,-0.004162,0.024084,-0.024701,-0.026253,0.003129,-0.003801,-0.005656,0.032265,0.003494,0.022999,-0.010106,0.010845,0.015567
South*Asia:Indian*Subcontinent:Savara,0.004553,-0.242712,-0.159522,0.101745,0.010463,0.059404,-0.0047,0.008307,0.075674,0.046106,0.028256,0.001948,-0.002081,0.019405,-0.020222,-0.031954,0.011865,-0.006081,-0.008925,0.032766,0.001373,0.018548,-0.005793,0.009158,0.012334
South*Asia:Indian*Subcontinent:Ho,0.0054744286,-0.22815567,-0.17453486,0.11057467,-0.004000619,0.065433,-0.0063115714,0.011164429,0.079179952,0.049828619,0.022285952,0.0047600476,-0.0045731429,0.01394581,-0.02235519,-0.024352238,0.013547571,-0.003957381,-0.004339619,0.028144524,2.9761905E-05,0.018866,-0.0061624762,0.01093081,0.0060387619
South*Asia:Indian*Subcontinent:Korwa,0.0065132778,-0.22680161,-0.17408311,0.11272794,-0.0099162778,0.063989889,-0.0065147222,0.010794333,0.07806,0.049669556,0.021281944,0.0030888889,-0.0043441111,0.013311222,-0.020282556,-0.023180944,0.0089024444,-0.0025196111,-0.0030446667,0.027012889,0.00076955556,0.018067,-0.0055872222,0.0081401111,0.0069187222
South*Asia:Indian*Subcontinent:Birhor,0.0032248889,-0.22708367,-0.17286789,0.11480956,-0.0095742222,0.063308167,-0.0061752778,0.0112045,0.082491222,0.050236389,0.019649,0.0039879444,-0.0044515556,0.013739444,-0.019777389,-0.023549278,0.015073833,-0.0044410556,-0.0036382222,0.028006444,0.00095666667,0.018609667,-0.0050190556,0.010148389,0.002701
South*Asia:Indian*Subcontinent:Santhal*(Bangladesh),0.0104717,-0.2093005,-0.1739657,0.1129864,-0.0168339,0.0677424,-0.0055225,0.0107996,0.0742012,0.0478007,0.0174731,0.0026076,-0.0047422,0.011932,-0.0206701,-0.0212011,0.0138337,-0.0017357,-0.0040978,0.0249868,0.0017593,0.0152711,-0.0058911,0.0077721,0.0005988
South*Asia:Indian*Subcontinent:Santhal*(India),0.0091058095,-0.21529224,-0.17674395,0.11725,-0.015284905,0.068912571,-0.0072962857,0.011417286,0.080572714,0.05035781,0.018783,0.0040606667,-0.0048986667,0.012884143,-0.019996143,-0.025684476,0.011188143,-0.003137,-0.0039865714,0.025952952,0.00047528571,0.016663667,-0.0067551905,0.0089225238,0.0047727143
South*Asia:Indian*Subcontinent:Bhumij,0.0022765,-0.215292,-0.178001,0.125648,-0.012156,0.0727905,-0.0070505,0.007269,0.0755715,0.045468,0.0239525,0.0071185,-0.00446,0.011973,-0.0214435,-0.029037,0.0164285,-0.0039905,-0.005405,0.027701,0.0029325,0.0140965,-0.003882,0.0064465,0.008023